SAV_coords,decision,voting,patho. prob.,AlphaMissense patho. prob.,AlphaMissense decision,AlphaMissense refined decision,Rhapsody patho. prob.,Rhapsody decision
P29033 221 K N,benign,1.0,0.1395067373911539,0.1439,likely_benign,likely_benign,0.339,neutral
P29033 220 G V,benign,1.0,0.1723575909932454,0.0933,likely_benign,likely_benign,0.222,neutral
P29033 219 S F,benign,1.0,0.0843197027842203,0.0906,likely_benign,likely_benign,0.114,neutral
P29033 218 C S,benign,1.0,0.0794103940327962,0.1649,likely_benign,likely_benign,0.125,neutral
P29033 216 R I,pathogenic,0.8,0.5746775468190511,0.3616,ambiguous,likely_benign,0.315,neutral
P29033 209 E D,pathogenic,0.9333333333333332,0.8097699710300991,0.9888,likely_pathogenic,likely_pathogenic,0.635,deleterious
P29033 209 E G,pathogenic,1.0,0.9352280934651692,0.9814,likely_pathogenic,likely_pathogenic,0.713,deleterious
P29033 207 V L,benign,1.0,0.1114717404047648,0.1354,likely_benign,likely_benign,0.087,neutral
P29033 201 I M,pathogenic,1.0,0.6407803853352865,0.1501,likely_benign,likely_benign,0.341,neutral
P29033 198 V G,pathogenic,1.0,0.8358809153238932,0.5241,ambiguous,likely_pathogenic,0.562,prob.delet.
P29033 196 I M,pathogenic,1.0,0.6933279037475586,0.1178,likely_benign,likely_benign,0.509,prob.delet.
P29033 196 I S,pathogenic,1.0,0.8186435699462891,0.574,likely_pathogenic,likely_pathogenic,0.492,prob.neutral
P29033 195 M I,pathogenic,1.0,0.8630874633789063,0.9955,likely_pathogenic,likely_pathogenic,0.619,deleterious
P29033 189 T N,pathogenic,1.0,0.8765406926472982,0.3377,likely_benign,likely_benign,0.79,deleterious
P29033 187 E G,pathogenic,1.0,0.928481928507487,0.9693,likely_pathogenic,likely_pathogenic,0.868,deleterious
P29033 180 C F,pathogenic,1.0,0.9791995366414388,0.9982,likely_pathogenic,likely_pathogenic,0.885,deleterious
P29033 180 C Y,pathogenic,1.0,0.97820618947347,0.9987,likely_pathogenic,likely_pathogenic,0.89,deleterious
P29033 179 D Y,pathogenic,1.0,0.8905834197998047,0.9696,likely_pathogenic,likely_pathogenic,0.67,deleterious
P29033 178 V L,pathogenic,1.0,0.8658663431803385,0.9841,likely_pathogenic,likely_pathogenic,0.71,deleterious
P29033 177 T A,benign,0.6666666666666666,0.3873137950897217,0.1151,likely_benign,likely_benign,0.079,neutral
P29033 176 N S,pathogenic,1.0,0.8321680704752604,0.3474,ambiguous,likely_benign,0.599,deleterious
P29033 173 P L,pathogenic,1.0,0.9439758936564128,0.9883,likely_pathogenic,likely_pathogenic,0.817,deleterious
P29033 171 A V,benign,1.0,0.1184411764144897,0.1082,likely_benign,likely_benign,0.041,neutral
P29033 169 C G,pathogenic,1.0,0.9868882497151692,0.9812,likely_pathogenic,likely_pathogenic,0.873,deleterious
P29033 169 C S,pathogenic,1.0,0.9814270655314128,0.9984,likely_pathogenic,likely_pathogenic,0.857,deleterious
P29033 168 K E,pathogenic,1.0,0.6445975621541341,0.6017,likely_pathogenic,likely_pathogenic,0.228,neutral
P29033 167 V G,pathogenic,1.0,0.7334452311197917,0.7457,likely_pathogenic,likely_pathogenic,0.323,neutral
P29033 167 V A,pathogenic,1.0,0.6669274648030599,0.6765,likely_pathogenic,likely_pathogenic,0.433,neutral
P29033 167 V M,benign,0.8666666666666667,0.4284859437208909,0.2769,likely_benign,likely_benign,0.47,prob.neutral
P29033 165 R Q,pathogenic,0.8666666666666667,0.6881443170400766,0.2472,likely_benign,likely_benign,0.501,prob.neutral
P29033 164 Q E,benign,1.0,0.0534698923428853,0.0779,likely_benign,likely_benign,0.065,neutral
P29033 161 F V,pathogenic,1.0,0.856254514058431,0.6649,likely_pathogenic,likely_pathogenic,0.358,neutral
P29033 157 M I,benign,1.0,0.0353307604789733,0.3057,likely_benign,likely_benign,0.04,neutral
P29033 157 M T,benign,0.8,0.3676383097966512,0.4313,ambiguous,likely_benign,0.144,neutral
P29033 155 Y C,pathogenic,1.0,0.955143928527832,0.3354,likely_benign,likely_benign,0.5,prob.neutral
P29033 155 Y S,pathogenic,1.0,0.9530647277832032,0.3448,ambiguous,likely_benign,0.56,prob.delet.
P29033 151 M I,benign,1.0,0.3642947514851888,0.6688,likely_pathogenic,likely_pathogenic,0.157,neutral
P29033 151 M T,pathogenic,1.0,0.6893991470336914,0.5321,ambiguous,likely_pathogenic,0.168,neutral
P29033 151 M L,benign,1.0,0.1519819577534993,0.1661,likely_benign,likely_benign,0.099,neutral
P29033 150 F Y,pathogenic,1.0,0.9051570256551108,0.8868,likely_pathogenic,likely_pathogenic,0.753,deleterious
P29033 150 F I,pathogenic,1.0,0.9397799173990884,0.9802,likely_pathogenic,likely_pathogenic,0.907,deleterious
P29033 149 A S,benign,1.0,0.1653518040974934,0.1283,likely_benign,likely_benign,0.062,neutral
P29033 149 A T,benign,1.0,0.2300313472747802,0.0727,likely_benign,likely_benign,0.056,neutral
P29033 142 F S,pathogenic,1.0,0.8921364466349284,0.6125,likely_pathogenic,likely_pathogenic,0.567,deleterious
P29033 138 S G,benign,1.0,0.1865391572316487,0.0811,likely_benign,likely_benign,0.079,neutral
P29033 129 E K,benign,1.0,0.1251993179321289,0.1275,likely_benign,likely_benign,0.1,neutral
P29033 126 V I,benign,1.0,0.038326346874237,0.0811,likely_benign,likely_benign,0.047,neutral
P29033 125 K Q,benign,0.9333333333333332,0.3072550637381417,0.3127,likely_benign,likely_benign,0.199,neutral
P29033 121 I T,benign,1.0,0.1410743395487467,0.8035,likely_pathogenic,likely_pathogenic,0.125,neutral
P29033 118 I T,benign,1.0,0.0918225606282552,0.1192,likely_benign,likely_benign,0.082,neutral
P29033 117 D V,benign,1.0,0.2480324745178222,0.4036,ambiguous,likely_benign,0.197,neutral
P29033 117 D G,benign,1.0,0.0787441730499267,0.2801,likely_benign,likely_benign,0.145,neutral
P29033 106 F S,benign,1.0,0.1107323010762532,0.8071,likely_pathogenic,likely_pathogenic,0.065,neutral
P29033 104 R S,benign,0.8,0.3586608966191609,0.7088,likely_pathogenic,likely_pathogenic,0.323,neutral
P29033 103 K R,benign,0.8,0.1667966246604919,0.1148,likely_benign,likely_benign,0.187,neutral
P29033 102 K N,benign,1.0,0.151523224512736,0.3742,ambiguous,likely_benign,0.071,neutral
P29033 98 R G,pathogenic,0.7333333333333333,0.5700770291415128,0.3626,ambiguous,likely_benign,0.328,neutral
P29033 96 A G,pathogenic,1.0,0.607087771097819,0.339,likely_benign,likely_benign,0.7,deleterious
P29033 95 V A,pathogenic,1.0,0.8253923416137695,0.8055,likely_pathogenic,likely_pathogenic,0.539,prob.delet.
P29033 94 H Q,pathogenic,1.0,0.7975142161051433,0.9556,likely_pathogenic,likely_pathogenic,0.563,prob.delet.
P29033 94 H L,pathogenic,1.0,0.8043879826863607,0.9062,likely_pathogenic,likely_pathogenic,0.733,deleterious
P29033 94 H Y,benign,0.7333333333333333,0.2113045345653187,0.5784,likely_pathogenic,likely_pathogenic,0.202,neutral
P29033 89 L F,pathogenic,1.0,0.8896284103393555,0.5717,likely_pathogenic,likely_pathogenic,0.738,deleterious
P29033 87 P L,pathogenic,1.0,0.9552200317382812,0.9898,likely_pathogenic,likely_pathogenic,0.865,deleterious
P29033 79 L R,pathogenic,1.0,0.959919039408366,0.9877,likely_pathogenic,likely_pathogenic,0.78,deleterious
P29033 78 A V,pathogenic,1.0,0.7327760696411133,0.4541,ambiguous,likely_pathogenic,0.549,prob.delet.
P29033 76 L V,pathogenic,1.0,0.8123411178588867,0.5645,likely_pathogenic,likely_pathogenic,0.554,prob.delet.
P29033 72 S F,pathogenic,1.0,0.9363920211791992,0.9895,likely_pathogenic,likely_pathogenic,0.742,deleterious
P29033 69 F L,pathogenic,1.0,0.900929896036784,0.9981,likely_pathogenic,likely_pathogenic,0.557,prob.delet.
P29033 68 Y C,pathogenic,1.0,0.8304336547851563,0.4339,ambiguous,likely_benign,0.473,prob.neutral
P29033 62 N S,benign,0.6666666666666666,0.2992223978042602,0.4749,ambiguous,likely_pathogenic,0.139,neutral
P29033 60 C R,pathogenic,1.0,0.9869165420532228,0.9975,likely_pathogenic,likely_pathogenic,0.91,deleterious
P29033 43 V A,pathogenic,1.0,0.8875099182128906,0.8188,likely_pathogenic,likely_pathogenic,0.548,prob.delet.
P29033 40 A T,pathogenic,1.0,0.7986770629882812,0.6219,likely_pathogenic,likely_pathogenic,0.308,neutral
P29033 25 L F,pathogenic,1.0,0.8543367385864258,0.8309,likely_pathogenic,likely_pathogenic,0.686,deleterious
P29033 24 W C,pathogenic,1.0,0.9731246948242188,0.9867,likely_pathogenic,likely_pathogenic,0.714,deleterious
P29033 23 I M,pathogenic,1.0,0.8274843851725261,0.4875,ambiguous,likely_pathogenic,0.356,neutral
P29033 19 S I,pathogenic,1.0,0.6487717946370443,0.6077,likely_pathogenic,likely_pathogenic,0.442,neutral
P29033 18 T S,pathogenic,1.0,0.8564863840738932,0.8019,likely_pathogenic,likely_pathogenic,0.785,deleterious
P29033 17 S C,pathogenic,1.0,0.9280510584513346,0.8313,likely_pathogenic,likely_pathogenic,0.659,deleterious
P29033 16 H P,pathogenic,1.0,0.9257261276245116,0.9235,likely_pathogenic,likely_pathogenic,0.752,deleterious
P29033 13 V G,pathogenic,1.0,0.94523868560791,0.7236,likely_pathogenic,likely_pathogenic,0.802,deleterious
P29033 5 T M,benign,0.6666666666666666,0.389104151725769,0.1454,likely_benign,likely_benign,0.441,neutral
