POS	SEQ	3LATOM	SCORE	COLOR	CONFIDENCE INTERVAL	CONFIDENCE INTERVAL COLORS	MSA DATA	RESIDUE VARIETY
1	M	-	-0.954	9	-1.087,-0.882	9,9	52/300	M,E
2	A	-	0.469	3	0.035, 0.839	5,2	67/300	A,G,T,N,S,P,M
3	D	-	0.600	3	0.149, 0.839	4,2	86/300	D,E,A,K,V,T
4	G	-	1.499	1	0.839, 1.618	2,1	104/300	G,D,A,T,I,S,V,F,E,Q,a,N
5	G	-	1.601	1	0.839, 1.618	2,1	128/300	G,D,S,V,A,E,R,Q,C,s,N
6	E	-	1.238	1	0.611, 1.618	3,1	138/300	E,D,N,G,T,Q,S,K,C,A,R,s
7	G	-	0.785	2	0.278, 1.144	4,1	145/300	G,A,E,D,R,N,a,I,S,Q,n,V,K,T,e
8	E	-	0.663	2	0.278, 0.839	4,2	150/300	E,N,A,D,G,S,H,Q,L,q,g,l,P
9	D	-	0.508	3	0.149, 0.611	4,3	156/300	D,E,Y,i,G,Q,H,N,T,R
10	E	GLU10	0.382	3	0.035, 0.611	5,3	157/300	E,L,K,T,R,D,S,P,G,H,A
11	I	ILE11	1.366	1	0.839, 1.618	2,1	164/300	I,T,L,F,V,E,G,P,C,N,Y,H,D
12	Q	GLN12	0.728	2	0.428, 0.839	3,2	167/300	Q,E,K,M,G,I,H,A,T,L,Y,P,R,D,F,S,N
13	F	PHE13	1.113	1	0.611, 1.618	3,1	176/300	F,M,I,A,L,Y,G,S,W,Q,E,T,N
14	L	LEU14	1.260	1	0.839, 1.618	2,1	177/300	L,P,I,R,M,F,V,S,N,K,E,C
15	R	ARG15	0.963	1	0.611, 1.144	3,1	186/300	R,S,v,T,K,L,H,N,V,E,l,W,y,F,P,Y,M,Q
16	T	THR16	1.597	1	1.144, 1.618	1,1	213/300	T,Q,R,v,D,S,K,P,V,I,E,M,N,L,k,W,C,G,A
17	D	ASP17	0.273	4	-0.065, 0.428	5,3	225/300	D,N,I,A,G,R,E,S,C,Q,V,X
18	D	ASP18	-0.923	9	-1.024,-0.882	9,9	232/300	D,r,N,P,R,W,X
19	E	GLU19	-0.050	5	-0.313, 0.149	6,4	234/300	E,N,Q,T,D,G,H,M,A,I,V,Y,L,F,R,X
20	V	VAL20	-0.661	8	-0.802,-0.563	8,7	235/300	V,L,M,A,I,X
21	V	VAL21	-0.532	7	-0.714,-0.447	8,7	236/300	V,A,I,G,L,Y,F,C,S,T,N,X
22	L	LEU22	-0.764	8	-0.920,-0.666	9,8	238/300	L,V,F,M,I,X
23	Q	GLN23	-0.702	8	-0.843,-0.617	8,7	238/300	Q,R,L,S,V,T,M,N,X
24	C	CYS24	-0.179	6	-0.382,-0.065	7,5	238/300	C,S,T,s,H,X,Y
25	T	THR25	0.624	3	0.278, 0.839	4,2	238/300	T,S,L,V,C,I,N,A,G,M,X
26	A	ALA26	-0.073	5	-0.313, 0.035	6,5	238/300	A,T,F,S,L,V,R,Q,G,I,P,K,X
27	T	THR27	0.473	3	0.149, 0.611	4,3	210/300	T,M,N,S,C,A,V,I,H,P,L,Q,G,v,h,X
28	I	ILE28	0.983	1	0.611, 1.144	3,1	196/300	I,V,M,L,S,G,T,F,Y,C,D,N,A,H,X
29	H	HIS29	1.109	1	0.611, 1.144	3,1	196/300	H,F,Q,L,Y,K,P,R,E,N,S,T,A,X
30	K	LYS30	0.498	3	0.149, 0.611	4,3	199/300	K,E,A,H,Q,D,N,V,L,G,S,Y,R,X
31	E	GLU31	0.000	5	-0.238, 0.149	6,4	194/300	E,G,Q,D,R,P,K,T,S,t,d,N,X
32	Q	GLN32	0.045	5	-0.155, 0.149	6,4	243/300	Q,N,H,L,A,P,t,S,T,G,I,V,X
33	Q	GLN33	0.240	4	-0.065, 0.428	5,3	245/300	Q,I,R,V,L,i,C,K,W,A,N,D,G,S,E,T,t,X
34	K	LYS34	-0.838	8	-0.956,-0.759	9,8	249/300	K,S,E,R,H,T,X,Q
35	L	LEU35	-0.120	5	-0.382, 0.035	7,5	250/300	L,F,I,V,M,S,X
36	C	CYS36	-0.604	7	-0.802,-0.507	8,7	250/300	C,A,L,M,I,S,X
37	L	LEU37	-0.942	9	-1.056,-0.882	9,9	251/300	L,C,M,X
38	A	ALA38	-0.303	6	-0.507,-0.238	7,6	251/300	A,S,G,T,P,C,X
39	A	ALA39	-0.613	7	-0.759,-0.507	8,7	251/300	A,C,T,G,V,S,X
40	E	GLU40	-0.707	8	-0.843,-0.617	8,7	252/300	E,T,K,D,L,H,Q,G,X
41	G	GLY41	-0.772	8	-0.920,-0.666	9,8	252/300	G,v,P,V,A,S,X
42	F	PHE42	-0.761	8	-0.920,-0.666	9,8	252/300	F,L,l,Y,V,X
43	G	GLY43	-0.937	9	-1.056,-0.882	9,9	252/300	G,A,X
44	N	ASN44	-0.576	7	-0.714,-0.507	8,7	252/300	N,S,R,D,C,E,G,T,F,Q,X
45	R	ARG45	-0.941	9	-1.024,-0.882	9,9	252/300	R,F,H,K,S,X
46	L	LEU46	0.031	5	-0.238, 0.149	6,4	253/300	L,V,M,I,F,R,H,T,N,Y,Q,X
47	C	CYS47	-0.906	9	-1.024,-0.843	9,8	254/300	C,A,G,l,X
48	F	PHE48	1.071	1	0.611, 1.144	3,1	253/300	F,Y,R,C,G,K,S,Q,T,H,V,I,L,A,X
49	L	LEU49	-0.929	9	-1.056,-0.882	9,9	253/300	L,F,V,A,X
50	E	GLU50	-1.002	9	-1.087,-0.956	9,9	253/300	E,T,N,Q,X
51	S	SER51	0.814	2	0.428, 1.144	3,1	253/300	S,T,A,P,G,L,N,H,E,D,Q,K,X
52	T	THR52	-0.532	7	-0.666,-0.447	8,7	253/300	T,I,c,V,M,S,A,R,L,X
53	S	SER53	-0.654	8	-0.802,-0.563	8,7	255/300	S,r,T,F,A,Q,H,X
54	N	ASN54	-0.438	7	-0.617,-0.313	7,6	256/300	N,E,V,S,I,D,G,H,L,R,F,X,K,C
55	S	SER55	-0.011	5	-0.238, 0.149	6,4	183/300	S,A,C,Y,F,H,R,L,p,P,D,T,g,X
56	K	LYS56	-0.040	5	-0.238, 0.149	6,4	258/300	K,Q,R,E,D,T,C,P,N,X
57	N	ASN57	-0.241	6	-0.447,-0.155	7,6	258/300	N,D,Y,H,K,S,I,y,V,R,A,s
58	V	VAL58	0.663	2	0.278, 0.839	4,2	259/300	V,I,C,R,F,K,E,A,Y,L,Q,N,M,P,T
59	P	PRO59	-0.740	8	-0.882,-0.666	9,8	260/300	P,G,D,S,K,T,C
60	P	PRO60	-0.472	7	-0.666,-0.382	8,7	258/300	P,G,A,L,S,D,V,T,F,a
61	D	ASP61	-0.725	8	-0.843,-0.666	8,8	258/300	D,E,I,P,A,N
62	L	LEU62	0.273	4	-0.065, 0.428	5,3	259/300	L,I,M,V,F,P,T,A,N,H
63	S	SER63	-0.260	6	-0.447,-0.155	7,6	260/300	S,L,A,C,P,T,K,F,V,W
64	I	ILE64	0.446	3	0.149, 0.611	4,3	261/300	I,L,V,F,S,R,T,Q,M,A,P,E
65	C	CYS65	-0.670	8	-0.843,-0.563	8,7	263/300	C,H,P,S,Y,G
66	T	THR66	0.477	3	0.149, 0.611	4,3	263/300	T,A,L,C,V,N,G,S,H,I,Q,R,M,K
67	F	PHE67	-0.604	7	-0.759,-0.507	8,7	263/300	F,C,Y,L
68	V	VAL68	-0.213	6	-0.382,-0.065	7,5	263/300	V,L,I,A,S,G,F,T,K,Y,M
69	L	LEU69	-0.658	8	-0.802,-0.563	8,7	264/300	L,V,M,G,I,R,A
70	E	GLU70	-0.110	5	-0.313, 0.035	6,5	264/300	E,K,A,D,V,Q,T,S,M,R,N,H
71	Q	GLN71	-0.589	7	-0.759,-0.507	8,7	263/300	Q,S,H,G,R,P,L,C,N,K
72	S	SER72	-0.722	8	-0.843,-0.666	8,8	265/300	S,N,C,A,K,I,T,P,G
73	L	LEU73	-0.578	7	-0.759,-0.447	8,7	265/300	L,E,V,W,I,F,P
74	S	SER74	-1.010	9	-1.087,-0.991	9,9	265/300	S,G,N,R,F,H
75	V	VAL75	-0.694	8	-0.802,-0.617	8,7	264/300	V,I,K,P,G,X,F,L,c,M,A
76	R	ARG76	-0.876	9	-0.991,-0.802	9,8	265/300	R,P,Q,T,W,N,g,K
77	A	ALA77	-0.951	9	-1.056,-0.920	9,9	265/300	A,I,N,C,L,K
78	L	LEU78	-0.784	8	-0.920,-0.714	9,8	265/300	L,R,V,G,C,Y,S
79	Q	-	-0.723	8	-0.843,-0.666	8,8	265/300	Q,R,V,G,L,D,H,P
80	E	-	-0.889	9	-0.991,-0.843	9,8	266/300	E,K,P,S,y,F,C
81	M	-	-0.519	7	-0.666,-0.447	8,7	267/300	M,K,T,N,W,I,H,L,Q,F
82	L	-	-0.690	8	-0.843,-0.617	8,7	266/300	L,T,R,V,S,I,M
83	A	-	-0.145	6	-0.313,-0.065	6,5	267/300	A,P,T,S,G,V,I,M,Q,s,N,E
84	N	-	0.675	2	0.278, 0.839	4,2	264/300	N,S,R,Q,K,H,C,X,T,A,L,G,a,I
85	T	-	0.950	1	0.611, 1.144	3,1	265/300	T,I,K,S,H,R,G,Q,C,A,D,N,P,E,d
86	V	-	2.840	1	1.618, 2.866	1,1	263/300	V,E,M,D,Q,K,A,T,G,S,L,P,N,R,C,H,e,g,s
87	E	-	1.813	1	1.144, 1.618	1,1	265/300	E,D,K,H,R,Q,T,P,S,A,N,L,F,W,c,V,M,I,s,G
88	K	-	2.865	1	1.618, 2.866	1,1	263/300	K,R,N,S,M,L,A,Q,V,E,P,Y,I,D,F,T,G,H
89	S	-	2.838	1	1.618, 2.866	1,1	261/300	S,A,T,H,N,a,n,G,M,Y,D,C,P,Q,g,V,E,F,R,K,I
90	E	-	1.216	1	0.839, 1.618	2,1	237/300	E,D,G,A,T,L,c,S,Q,K,W,V,C,N
91	G	-	1.213	1	0.611, 1.618	3,1	152/300	G,A,R,E,W,Q,V,L,K,S,D,P
92	Q	-	2.753	1	1.618, 2.866	1,1	56/300	Q,A,L,I,V,H,K,P,S,T,N,D
93	V	-	2.863	1	1.618, 2.866	1,1	65/300	V,Q,I,D,L,K,S,A,R,G,E,C,P,M,N
94	D	-	2.853	1	1.618, 2.866	1,1	60/300	D,N,E,T,V,I,A,G,R,L,K,M,H
95	V	-	2.857	1	1.618, 2.866	1,1	56/300	V,L,M,T,I,F,X,H,S,N,W,C,G,P
96	E	-	2.785	1	1.618, 2.866	1,1	57/300	E,N,G,D,T,S,I,C,V,Y,K,R,L,M,A,s
97	K	-	2.843	1	1.618, 2.866	1,1	56/300	K,D,S,I,Q,E,H,F,L,P,R,C
98	W	-	2.827	1	1.618, 2.866	1,1	55/300	W,N,F,M,H,G,L,I,R,K,T
99	K	-	2.709	1	1.618, 2.866	1,1	24/300	K,D,Q,T,R,L,v,S,E,P
100	F	-	2.731	1	1.618, 2.866	1,1	34/300	F,L,V,Y,I,v,T,H,W
101	M	-	2.826	1	1.618, 2.866	1,1	35/300	M,L,C,K,V,I,F,Y,l,T,W,Q
102	M	-	2.860	1	1.618, 2.866	1,1	45/300	M,F,V,H,L,G,A,C,K,R,I,s,P,S,T,h,E,Q
103	K	-	2.623	1	1.618, 2.866	1,1	45/300	K,S,M,q,Q,I,T,P,R,N
104	T	-	1.092	1	0.611, 1.144	3,1	247/300	T,S,I,F,M,A,V,L,G,R,P,Q,K
105	A	-	2.270	1	1.144, 2.866	1,1	268/300	A,I,R,Y,L,K,S,G,Q,M,H,V,T,E,C,F,N,P,D
106	Q	-	1.274	1	0.839, 1.618	2,1	275/300	Q,D,M,S,T,Y,H,A,E,V,G,L,K,k,C,P,g,N,R
107	G	GLY107	1.106	1	0.611, 1.144	3,1	278/300	G,Q,M,D,S,A,E,F,N,P,T,L,R,V,t,a
108	G	GLY108	0.010	5	-0.238, 0.149	6,4	278/300	G,D,S,E,A,V,R,M,C,T,t,P,Q
109	G	GLY109	-0.211	6	-0.447,-0.065	7,5	279/300	G,T,S,N,C,A,K,P,H
110	H	HIS110	-0.636	8	-0.759,-0.563	8,7	279/300	H,R,K,L,D,V,Q,s,S,Y,F,N
111	R	ARG111	-0.664	8	-0.802,-0.563	8,7	278/300	R,E,N,K,Q,L
112	T	THR112	-0.919	9	-1.024,-0.882	9,9	280/300	T,N,I,M,Y,G,E
113	L	LEU113	-0.688	8	-0.843,-0.617	8,7	280/300	L,S,H,Y,K,G,T,I,V
114	L	LEU114	-0.750	8	-0.882,-0.666	9,8	280/300	L,I,R,V
115	Y	TYR115	-0.761	8	-0.920,-0.666	9,8	279/300	Y,L,H,S,D,P,T
116	G	GLY116	-0.948	9	-1.056,-0.882	9,9	277/300	G,T,C,S
117	H	HIS117	-0.647	8	-0.802,-0.563	8,7	279/300	H,M,L,V,Q,Y,R,C,G,N
118	A	ALA118	-0.903	9	-0.991,-0.843	9,8	279/300	A,L,K,G,T,F,E,D
119	I	ILE119	-0.314	6	-0.507,-0.238	7,6	279/300	I,V,d,H,N,L,K,M
120	L	LEU120	-0.485	7	-0.666,-0.382	8,7	280/300	L,R,I,l,T,M,F,V,Q
121	L	LEU121	-0.796	8	-0.920,-0.714	9,8	279/300	L,T,l,F,H,W
122	R	ARG122	0.097	5	-0.155, 0.278	6,4	278/300	R,I,T,L,K,Q,S,C,P,N
123	H	HIS123	-0.943	9	-1.024,-0.882	9,9	278/300	H,M,S,G,F,N
124	S	SER124	0.715	2	0.428, 0.839	3,2	278/300	S,C,T,H,A,L,Y,V,F,I,N,D,E,M,Q,G,W,K,R
125	Y	TYR125	0.801	2	0.428, 1.144	3,1	282/300	Y,F,H,L,A,S,N,T,V,Q,R,E
126	S	SER126	-0.940	9	-1.024,-0.882	9,9	282/300	S,F,T,H,Y,G,A,V
127	G	GLY127	1.699	1	1.144, 1.618	1,1	283/300	G,V,R,S,D,F,N,P,Q,A,E,Y,T,L,K
128	M	MET128	-0.647	8	-0.759,-0.563	8,7	287/300	M,Q,D,L,K,V,Y,E,N,I
129	Y	TYR129	0.000	5	-0.238, 0.149	6,4	281/300	Y,F,A,t,V,N,H
130	L	LEU130	-0.855	8	-0.991,-0.802	9,8	281/300	L,I,V,R,T
131	C	CYS131	-0.156	6	-0.382,-0.065	7,5	281/300	C,S,L,T,A,K,G,N
132	C	CYS132	-0.740	8	-0.882,-0.666	9,8	280/300	C,Q,N,A,T,V,H
133	L	LEU133	-0.649	8	-0.802,-0.563	8,7	282/300	L,I,R,S,T,V,M,H
134	S	SER134	-0.498	7	-0.666,-0.382	8,7	283/300	S,G,T,K,C,H,F,R,P,D,N
135	T	THR135	-0.607	7	-0.759,-0.507	8,7	286/300	T,M,K,W,S,E,V,A,H
136	S	SER136	-0.671	8	-0.802,-0.617	8,7	286/300	S,M,T,A,G,e,R,N,V,C,t
137	R	ARG137	0.182	4	-0.065, 0.428	5,3	204/300	R,G,N,K,c,T,H,Q,E,L,A,F,C,S
138	S	SER138	-0.555	7	-0.714,-0.447	8,7	284/300	S,T,K,L,G,A,I,R,V,F,C
139	S	SER139	-0.268	6	-0.447,-0.155	7,6	283/300	S,V,T,L,Q,M,K,R,A,I,Y,G
140	T	THR140	0.167	4	-0.065, 0.278	5,4	284/300	T,L,M,V,N,S,Q,P,A,C,K,R,E
141	D	ASP141	-0.962	9	-1.056,-0.920	9,9	284/300	D,G,Q,N,R
142	K	LYS142	-0.853	8	-0.956,-0.802	9,8	284/300	K,P,R,E,G,Q,Y
143	L	LEU143	-0.802	8	-0.920,-0.714	9,8	284/300	L,I,K,Q,D
144	A	ALA144	-0.749	8	-0.882,-0.666	9,8	285/300	A,V,T,S,P,I,G
145	F	PHE145	-0.842	8	-0.956,-0.759	9,8	284/300	F,E,L,R
146	D	ASP146	-0.960	9	-1.056,-0.920	9,9	283/300	D,S,E,Q,I,C
147	V	VAL147	-0.965	9	-1.056,-0.920	9,9	285/300	V,L,I,T,Q,A
148	G	GLY148	-0.952	9	-1.056,-0.882	9,9	282/300	G,M,N,A
149	L	LEU149	-0.819	8	-0.956,-0.759	9,8	283/300	L,F,S,P,M,I,V
150	Q	GLN150	-0.224	6	-0.447,-0.065	7,5	284/300	Q,R,K,V,W,S,T,G,M,C,E
151	E	GLU151	0.182	4	-0.065, 0.278	5,4	285/300	E,R,D,S,H,T,Q,K,G,e,V,I,N,P,L
152	D	ASP152	0.545	3	0.278, 0.611	4,3	285/300	D,N,H,E,V,P,Q,L,T,S,K
153	T	THR153	0.494	3	0.149, 0.611	4,3	290/300	T,C,N,A,M,S,I,K,Q,R,V,D,H,E,L,P,e
154	T	THR154	1.186	1	0.839, 1.618	2,1	291/300	T,V,Y,L,A,I,K,l,G,E,S,R,i,M,Q,H,D,e,N,P
155	G	GLY155	-0.483	7	-0.666,-0.382	8,7	292/300	G,C,A,D,T,S,R
156	E	GLU156	-0.904	9	-1.024,-0.843	9,8	293/300	E,I,Q,Y,R,N
157	A	ALA157	-0.126	6	-0.313, 0.035	6,5	293/300	A,Q,V,S,T,t,P
158	C	CYS158	-0.463	7	-0.666,-0.313	8,6	294/300	C,V,R,S,L,I,A
159	W	TRP159	-0.664	8	-0.882,-0.563	9,7	294/300	W,F,Y,T
160	W	TRP160	-0.757	8	-0.956,-0.666	9,8	293/300	W,D,C,V
161	T	THR161	-0.929	9	-1.024,-0.882	9,9	293/300	T,I,P,V,M
162	I	ILE162	-0.393	7	-0.563,-0.313	7,6	294/300	I,V,T,M,L,N,A
163	H	HIS163	-0.857	8	-0.956,-0.802	9,8	295/300	H,S,N,L,M,Q,Y
164	P	PRO164	-0.924	9	-1.024,-0.882	9,9	296/300	P,H,A,L,C
165	A	ALA165	-0.771	8	-0.882,-0.714	9,8	295/300	A,Y,T,S,H,G,V
166	S	SER166	-1.019	9	-1.087,-0.991	9,9	295/300	S,Y,I,C,P,K
167	K	LYS167	-0.936	9	-1.024,-0.882	9,9	294/300	K,H,R,M,L,G
168	Q	GLN168	-0.995	9	-1.087,-0.956	9,9	294/300	Q,K,Y,T,N
169	R	ARG169	-1.126	9	-1.161,-1.117	9,9	293/300	R
170	S	SER170	-1.092	9	-1.147,-1.056	9,9	294/300	S,A
171	E	GLU171	-0.909	9	-1.024,-0.843	9,8	293/300	E,D,M,S,V
172	G	GLY172	-1.109	9	-1.161,-1.087	9,9	293/300	G
173	E	GLU173	-1.017	9	-1.087,-0.991	9,9	295/300	E,G,F,R
174	K	LYS174	-0.974	9	-1.056,-0.920	9,9	295/300	K,R,G,S
175	V	VAL175	-1.052	9	-1.117,-1.024	9,9	295/300	V,L,I,C
176	R	ARG176	-0.997	9	-1.087,-0.956	9,9	295/300	R,A,Q,K
177	V	VAL177	-0.813	8	-0.920,-0.759	9,8	295/300	V,I,G,S,P,F,A
178	G	GLY178	-0.912	9	-1.024,-0.843	9,8	295/300	G,R,E,N,S
179	D	ASP179	-1.065	9	-1.147,-1.024	9,9	294/300	D,P,E
180	D	ASP180	-0.965	9	-1.056,-0.920	9,9	294/300	D,N,S,I,E
181	L	LEU181	-0.137	6	-0.382, 0.035	7,5	295/300	L,V,I,A,F
182	I	ILE182	-1.055	9	-1.117,-1.024	9,9	295/300	I,T,L,F
183	L	LEU183	-0.964	9	-1.056,-0.920	9,9	294/300	L,F,V
184	V	VAL184	-0.990	9	-1.056,-0.956	9,9	294/300	V,I,T,L,S
185	S	SER185	-0.993	9	-1.056,-0.956	9,9	294/300	S,N,G
186	V	VAL186	-0.652	8	-0.802,-0.563	8,7	295/300	V,I,L,M,P,T
187	S	SER187	-0.782	8	-0.882,-0.714	9,8	296/300	S,T,A,P,V,F
188	S	SER188	-1.018	9	-1.087,-0.991	9,9	296/300	S,T,D
189	E	GLU189	-0.980	9	-1.056,-0.920	9,9	296/300	E,L,R
190	R	ARG190	-0.960	9	-1.056,-0.920	9,9	296/300	R,F,E,D,K,N
191	Y	TYR191	-0.774	8	-0.920,-0.666	9,8	296/300	Y,L,G,I,F
192	L	LEU192	-0.915	9	-1.024,-0.843	9,8	297/300	L,Q,K,I
193	H	HIS193	-0.690	8	-0.802,-0.617	8,7	284/300	H,V,N,K,Q,v,G
194	L	LEU194	-0.201	6	-0.382,-0.065	7,5	282/300	L,V,M,S,R,C,F,I,T,A,l
195	S	SER195	-0.222	6	-0.382,-0.155	7,6	283/300	S,F,T,D,V,I,A,G,L,s,Q,H,Y,y
196	Y	TYR196	1.892	1	1.144, 1.618	1,1	284/300	Y,T,I,M,L,F,N,C,W,V,A,P,S,K,R,H,d,Q,G
197	G	GLY197	0.865	2	0.428, 1.144	3,1	284/300	G,T,A,S,C,I,E,K,D,Y,R,F,p,L,N,Q,V,v
198	N	ASN198	1.030	1	0.611, 1.144	3,1	288/300	N,S,K,I,C,V,D,s,n,Y,E,y,t,c,a,d,r,H,A,G,k,v,R,Q,q,P
199	G	GLY199	2.831	1	1.618, 2.866	1,1	288/300	G,S,Q,H,D,C,g,N,E,e,i,d,A,V,I,a,v,y,L,K,T
200	S	SER200	2.373	1	1.144, 2.866	1,1	268/300	S,T,C,D,I,N,E,G,i,K,v,R,A,Y,d,s,k,g,q,H,L,V,Q
201	L	LEU201	1.646	1	1.144, 1.618	1,1	293/300	L,Q,G,W,I,V,g,N,F,T,S,P,v,D,E,A,Y,M,C,H,f,K,l
202	H	HIS202	0.715	2	0.428, 0.839	3,2	293/300	H,N,Y,Q,R,M,I,r,T,V,G,L,S,i,E,C,m,P
203	V	VAL203	-0.738	8	-0.843,-0.666	8,8	293/300	V,S,A,L,G,K,F,C,I,Y
204	D	ASP204	-0.143	6	-0.313,-0.065	6,5	294/300	D,N,S,C,W,Q,L,I,V,E,M
205	A	ALA205	-0.829	8	-0.920,-0.759	9,8	295/300	A,G,X,S,V,L,N,R,Q,P,D
206	A	ALA206	-0.754	8	-0.882,-0.714	9,8	295/300	A,I,S,R,X,G,Q,F,K,D
207	F	PHE207	-0.848	8	-0.991,-0.759	9,8	294/300	F,X,V,D,G,L
208	Q	GLN208	-0.524	7	-0.666,-0.447	8,7	294/300	Q,K,M,V,I,S,X,L,H,R,P,Y
209	Q	GLN209	-0.596	7	-0.759,-0.507	8,7	295/300	Q,I,N,R,T,P,Y,H,L,V,K
210	T	THR210	-0.737	8	-0.843,-0.666	8,8	296/300	T,M,N,W,S,P,A,R,Q
211	L	LEU211	-0.468	7	-0.666,-0.382	8,7	296/300	L,T,F,S,M,H,Y,Q,V
212	W	TRP212	-0.562	7	-0.802,-0.447	8,7	295/300	W,Q,G,T,Y,P
213	S	SER213	-0.474	7	-0.617,-0.382	7,7	293/300	S,T,W,N,L,R,V,P,M
214	V	VAL214	-0.474	7	-0.617,-0.382	7,7	292/300	V,A,M,X,F,I,H,L
215	A	ALA215	0.274	4	0.035, 0.428	5,3	293/300	A,T,V,N,H,Q,F,S,R,G,L,C,I,Y,W
216	P	PRO216	-0.676	8	-0.843,-0.563	8,7	292/300	P,F,L,A,G,H,p,S,T
217	I	ILE217	-0.131	6	-0.313, 0.035	6,5	292/300	I,V,T,C,L,D,v,M,F,Y,N
218	S	SER218	-0.032	5	-0.238, 0.149	6,4	293/300	S,C,L,c,R,M,Y,f,A,G,Q
219	S	SER219	-0.849	8	-0.956,-0.802	9,8	292/300	S,T,C,L,A,I
220	G	GLY220	0.094	5	-0.155, 0.278	6,4	290/300	G,F,S,R,C,Q,A,V,D,H,K,E
221	S	SER221	0.726	2	0.428, 0.839	3,2	289/300	S,C,A,G,T,R,L,F,I,V,M,i,N
222	E	GLU222	0.603	3	0.278, 0.839	4,2	287/300	E,Q,G,S,N,A,V,T,P,R,K,D,v,M,I,i,f
223	A	ALA223	0.308	4	0.035, 0.428	5,3	265/300	A,V,T,L,M,E,I,K,Q,R,F,i,r,k,G
224	A	ALA224	0.802	2	0.428, 0.839	3,2	265/300	A,E,V,T,F,S,P,M,L,Q,H,t,l,i,G,I,N,m,p
225	Q	GLN225	-0.198	6	-0.382,-0.065	7,5	290/300	Q,E,V,D,P,S,A,R,T,K,k,r,h
226	G	GLY226	-0.567	7	-0.714,-0.447	8,7	293/300	G,A,P,g,S,s,H,R,N,h
227	Y	TYR227	2.666	1	1.618, 2.866	1,1	294/300	Y,F,V,H,M,T,E,C,K,P,S,A
228	L	LEU228	-0.370	6	-0.563,-0.238	7,6	294/300	L,I,V,G,N,A,M,R,Y
229	I	ILE229	0.644	2	0.278, 0.839	4,2	295/300	I,Y,K,T,L,N,A,R,S,V,Q,C,P,F,l,M
230	G	GLY230	-0.764	8	-0.920,-0.666	9,8	296/300	G,P,D,V,L,S
231	G	GLY231	-0.374	6	-0.563,-0.238	7,6	296/300	G,I,D,S,E,L,M,A,N,V,Q
232	D	ASP232	-0.337	6	-0.507,-0.238	7,6	296/300	D,K,H,Y,E,Q,W,M,T,R,P
233	V	VAL233	-0.745	8	-0.843,-0.666	8,8	296/300	V,M,T,S,C,I,P,A,K,F
234	L	LEU234	0.714	2	0.278, 0.839	4,2	295/300	L,M,C,V,I,G,F,Y
235	R	ARG235	-0.868	8	-0.956,-0.802	9,8	296/300	R,P,F,H,N,S,K,C,A
236	L	LEU236	0.155	4	-0.155, 0.278	6,4	295/300	L,F,I,P,A,V,M,C,R
237	L	LEU237	0.114	5	-0.155, 0.278	6,4	296/300	L,F,C,V,G,W,R,H,S,Y,T,N,M
238	H	HIS238	-0.678	8	-0.802,-0.617	8,7	296/300	H,F,L,K,Q,D,R,Y,P,M
239	G	GLY239	-0.627	8	-0.802,-0.507	8,7	296/300	G,L,S,R,P,D,K,N,E,A
240	H	HIS240	-0.669	8	-0.802,-0.617	8,7	289/300	H,F,A,D,P,R,S,Q,G,N,E,n
241	M	MET241	-0.286	6	-0.507,-0.155	7,6	162/300	M,L,T,S,C,Q,K,A,I,V
242	D	ASP242	-0.840	8	-0.956,-0.759	9,8	295/300	D,A,V,T,R,N,S,m
243	E	GLU243	-0.627	8	-0.759,-0.563	8,7	294/300	E,S,A,P,R,L,D,s,Q,H,N
244	C	CYS244	-0.419	7	-0.617,-0.313	7,6	295/300	C,V,S,Y,Q,H,D,T,K,F,v
245	L	LEU245	-0.586	7	-0.759,-0.507	8,7	294/300	L,V,P,M,F,X,S,I
246	T	THR246	-0.608	7	-0.759,-0.507	8,7	295/300	T,A,R,V,Q,L,K,S,C,I
247	V	VAL247	0.226	4	-0.065, 0.428	5,3	295/300	V,I,L,P,A,F,N,T,M,t,n
248	P	PRO248	0.099	5	-0.155, 0.278	6,4	295/300	P,S,A,T,R,I,E,H,D,L,C,Q,l
249	S	SER249	0.968	1	0.611, 1.144	3,1	296/300	S,A,T,F,Y,G,P,M,Q,L,H,E,C,q,p,D
250	G	GLY250	1.109	1	0.611, 1.144	3,1	296/300	G,E,P,A,T,S,L,I,V,R,N,c,F,M,D,Y,v,t,p,a,i
251	E	GLU251	1.545	1	1.144, 1.618	1,1	293/300	E,D,G,Q,R,K,P,N,t,S,A,W,w,H
252	H	HIS252	1.076	1	0.611, 1.144	3,1	276/300	H,L,Q,K,S,D,E,Y,P,A,N,R,G,C,T,M,s,V,v,d
253	G	GLY253	1.552	1	1.144, 1.618	1,1	290/300	G,K,S,R,N,T,E,A,I,Q,D,V,M,P,s,C,L,e,r,q,t
254	E	GLU254	2.133	1	1.144, 2.866	1,1	291/300	E,D,L,R,G,N,P,V,Q,K,M,T,A,d,H,Y,S,I,m
255	E	GLU255	1.119	1	0.611, 1.144	3,1	286/300	E,G,D,N,S,L,V,P,M,A,H,T,s,K,Q,I
256	Q	GLN256	2.039	1	1.144, 2.866	1,1	289/300	Q,D,E,V,L,C,K,P,R,A,T,M,H,G,F,S,N,I,y,Y
257	R	ARG257	0.570	3	0.278, 0.839	4,2	291/300	R,K,Y,Q,H,C,N,E,X,P,L,F,S,I,T,i,h,A
258	R	ARG258	-0.226	6	-0.447,-0.155	7,6	290/300	R,I,K,V,S,N,X,F,Y,P,G,Q,T,D,H,C
259	T	THR259	1.719	1	1.144, 1.618	1,1	288/300	T,S,N,I,R,L,V,M,G,F,C,Q,Y,X,K,E,A,P,H
260	V	VAL260	-0.045	5	-0.238, 0.035	6,5	287/300	V,L,A,M,I,T,N,G,X
261	H	HIS261	0.663	2	0.278, 0.839	4,2	287/300	H,L,C,Q,N,Y,F,T,K,R,X,S,D,I,M,V,A
262	Y	TYR262	-0.393	7	-0.617,-0.238	7,6	286/300	Y,F,H,C,L,T,G,I,V
263	E	GLU263	-0.564	7	-0.714,-0.447	8,7	286/300	E,G,A,H,Y,M,D,P,K,Q,W
264	G	GLY264	0.574	3	0.278, 0.839	4,2	284/300	G,S,T,I,A,V,C,M,Q,L,N
265	G	GLY265	-0.958	9	-1.056,-0.920	9,9	284/300	G,C,H
266	A	ALA266	1.001	1	0.611, 1.144	3,1	284/300	A,P,G,E,T,K,S,L,C,H,N,R,D,V,Q
267	V	VAL267	-0.512	7	-0.666,-0.447	8,7	284/300	V,I,T,A,G,S,F,P,L
268	S	SER268	0.171	4	-0.065, 0.278	5,4	283/300	S,C,G,A,L,R,T,N,H,M,V,F,K
269	V	VAL269	1.159	1	0.611, 1.144	3,1	285/300	V,S,I,T,C,G,L,A,R,M,N,P,K,Q,E,Y,H,D
270	H	HIS270	0.468	3	0.149, 0.611	4,3	285/300	H,Q,Y,R,K,N,C,L,m,T,G,F,S,P
271	A	ALA271	-0.915	9	-1.024,-0.882	9,9	284/300	A,Q,E,G,I,P,S,T
272	R	ARG272	-0.659	8	-0.802,-0.563	8,7	285/300	R,C,K,H,I,G,E,S,P
273	S	SER273	-0.973	9	-1.056,-0.920	9,9	285/300	S,T,G,s,I,R
274	L	LEU274	-0.658	8	-0.802,-0.563	8,7	287/300	L,A,Y,G,M,F,I,Q
275	W	TRP275	-0.330	6	-0.617,-0.155	7,6	286/300	W,I,H,G,F,V,K
276	R	ARG276	-0.618	7	-0.759,-0.507	8,7	285/300	R,H,T,S,F,Y,K,A,E,N,Q
277	L	LEU277	0.582	3	0.278, 0.839	4,2	284/300	L,V,I,M,A,R,P,C,G
278	E	GLU278	-0.766	8	-0.882,-0.714	9,8	283/300	E,D,Q,L,S,M,G,K
279	T	THR279	-0.092	5	-0.313, 0.035	6,5	280/300	T,R,M,P,I,V,H,K,N,L,S,F,Y,C
280	L	LEU280	0.132	4	-0.155, 0.278	6,4	281/300	L,H,T,F,V,M,I,A,C,Q,G
281	R	ARG281	-0.079	5	-0.313, 0.035	6,5	283/300	R,C,H,S,G,L,N,Y,E,Q,T,K
282	V	VAL282	-0.311	6	-0.507,-0.238	7,6	284/300	V,R,I,G,C,T,K,M,F
283	A	ALA283	-0.020	5	-0.238, 0.149	6,4	291/300	A,V,R,M,L,S,G,I,C,Y,K,N
284	W	TRP284	-0.773	8	-0.956,-0.666	9,8	297/300	W,G,F,Y
285	S	SER285	-0.220	6	-0.382,-0.155	7,6	297/300	S,T,G,C,K,N,A,F,H,Y,Q
286	G	GLY286	-0.681	8	-0.843,-0.563	8,7	297/300	G,C,S,E,A
287	S	SER287	-0.488	7	-0.617,-0.382	7,7	297/300	S,D,R,G,M,K,A,N
288	H	HIS288	-0.607	7	-0.759,-0.507	8,7	297/300	H,T,Y,N,D,S,F,L,M
289	I	ILE289	0.352	4	0.035, 0.428	5,3	298/300	I,D,M,V,T,L,W,A,F
290	R	ARG290	0.119	5	-0.155, 0.278	6,4	298/300	R,V,K,C,H,G,S,F,N,P,A,Q,M,L,T
291	W	TRP291	-0.003	5	-0.313, 0.149	6,4	297/300	W,K,C,Y,F
292	G	GLY292	0.486	3	0.149, 0.611	4,3	297/300	G,S,D,A,T,Y,L,C,F,M,E,H,N,K,R
293	Q	GLN293	-0.300	6	-0.507,-0.155	7,6	297/300	Q,S,M,N,V,E,R,C,H,I,Y,P,T,D,A
294	P	PRO294	0.887	1	0.428, 1.144	3,1	299/300	P,L,S,A,G,T,H,Q,D,V,F,K,E
295	F	PHE295	-0.175	6	-0.382,-0.065	7,5	298/300	F,A,L,C,M,V,I
296	R	ARG296	-1.032	9	-1.117,-0.991	9,9	297/300	R,E,Q,G
297	L	LEU297	-0.096	5	-0.313, 0.035	6,5	297/300	L,V,I,G,M,F
298	R	ARG298	-0.419	7	-0.563,-0.313	7,6	297/300	R,C,K,S,Y,H,Q,L,V
299	H	HIS299	-1.075	9	-1.147,-1.056	9,9	297/300	H,Q,N
300	V	VAL300	-0.304	6	-0.507,-0.238	7,6	297/300	V,I,L,R,M
301	T	THR301	-0.938	9	-1.024,-0.882	9,9	298/300	T,S,A,K,I,R
302	T	THR302	-0.839	8	-0.956,-0.802	9,8	298/300	T,S,P,M,G
303	G	GLY303	-1.063	9	-1.147,-1.024	9,9	298/300	G,Q
304	K	LYS304	0.091	5	-0.155, 0.278	6,4	298/300	K,R,L,Q,H,S,Y,M,T,F,r
305	Y	TYR305	-0.786	8	-0.920,-0.714	9,8	299/300	Y,F,E,y
306	L	LEU306	-0.871	8	-0.991,-0.802	9,8	299/300	L,I,M,F
307	S	SER307	0.599	3	0.278, 0.839	4,2	299/300	S,C,A,G,L,F,K,M,R
308	L	LEU308	0.103	5	-0.155, 0.278	6,4	299/300	L,M,A,R,F,S,Q,V,I
309	M	MET309	1.113	1	0.611, 1.144	3,1	299/300	M,I,L,T,V,D,E,S,A,N,t,G,K,Q,C,s,R
310	E	GLU310	1.305	1	0.839, 1.618	2,1	299/300	E,D,K,Q,H,S,P,R,A,g,a,G,N,T
311	D	ASP311	0.788	2	0.428, 0.839	3,2	299/300	D,E,N,M,A,Q,G,S,k,H,g,K
312	K	LYS312	1.495	1	0.839, 1.618	2,1	282/300	K,R,Q,S,P,G,H,T,W,L,E,N,D,A,t,V,M,i,F
313	N	ASN313	0.634	2	0.278, 0.839	4,2	300/300	N,S,T,G,L,V,E,F,Q,D,H,A,C,i,a,l,s,k,r,d
314	L	LEU314	-0.419	7	-0.617,-0.313	7,6	299/300	L,V,I,v
315	L	LEU315	1.354	1	0.839, 1.618	2,1	299/300	L,K,M,V,S,H,I,Q,Y,F,A,R,C,G,N,s,T
316	L	LEU316	-0.279	6	-0.507,-0.155	7,6	299/300	L,F,V,S,R,M,T,I,C
317	M	MET317	0.536	3	0.278, 0.611	4,3	299/300	M,T,I,K,L,V,Q,E,F,A,Y
318	D	ASP318	0.701	2	0.428, 0.839	3,2	299/300	D,E,G,S,N,H,P,K,C,T,Y,R,Q,A
319	K	LYS319	0.218	4	-0.065, 0.428	5,3	299/300	K,W,P,Q,R,A,C,G,V
320	E	GLU320	1.442	1	0.839, 1.618	2,1	299/300	E,Q,T,G,D,S,V,L,N,K,A,C,H
321	K	LYS321	1.149	1	0.611, 1.144	3,1	299/300	K,N,Q,R,M,H,G,A,S,E,C,V,D
322	A	ALA322	-0.667	8	-0.802,-0.617	8,7	299/300	A,N,S,C,G,H
323	D	ASP323	0.364	4	0.035, 0.428	5,3	299/300	D,G,H,N,A,E,S,T,P,F,K
324	V	VAL324	0.417	3	0.149, 0.611	4,3	299/300	V,I,Q,T,S,Y,M,E,L,C,H,A,F,P,D,W,N
325	K	LYS325	1.943	1	1.144, 2.866	1,1	299/300	K,R,L,A,N,T,V,D,G,S,Q,I,P,E,H,M
326	S	SER326	1.490	1	0.839, 1.618	2,1	299/300	S,L,Q,M,A,N,T,C,F,H,D,V,K,R,I,E
327	T	THR327	-0.287	6	-0.447,-0.155	7,6	299/300	T,S,C,A,I,V,M
328	A	ALA328	-0.084	5	-0.313, 0.035	6,5	299/300	A,S,G,T,V,C,I
329	F	PHE329	-0.960	9	-1.056,-0.920	9,9	299/300	F,L,Y
330	T	THR330	0.755	2	0.428, 0.839	3,2	299/300	T,C,S,A,F,Y,R,L,W,I,V,E,N
331	F	PHE331	-0.043	5	-0.313, 0.149	6,4	299/300	F,L,Y,I,W,A,M,V,T
332	R	ARG332	0.061	5	-0.155, 0.149	6,4	299/300	R,K,Q,C,V,T,S,Y,I,M,A,F
333	S	SER333	1.249	1	0.839, 1.618	2,1	298/300	S,L,K,I,A,T,P,V,F,E,Q,H,D,M
334	S	SER334	-0.353	6	-0.507,-0.238	7,6	298/300	S,K,T,C,A,L,V,E,N,D,F,I
335	K	LYS335	-1.015	9	-1.087,-0.991	9,9	294/300	K,T,k,Q,R
336	E	GLU336	-0.540	7	-0.714,-0.447	8,7	293/300	E,S,D,g,R,V,d,A
337	K	LYS337	-0.344	6	-0.507,-0.238	7,6	296/300	K,E,a,R,A,L,D,d,S,p,q,l,v,i,V
338	L	LEU338	1.126	1	0.611, 1.144	3,1	296/300	L,S,V,I,F,G,H,Q,A,T,g,P,K,M,k,R,W,E
339	D	ASP339	1.307	1	0.839, 1.618	2,1	296/300	D,L,E,Q,N,q,K,H,S,I,V,T,R,M,A,i,F,r
340	V	VAL340	2.866	1	1.618, 2.866	1,1	296/300	V,S,L,I,P,F,T,A,H,Q,M,E,K,G,C,N,D,d,v,R
341	G	GLY341	2.843	1	1.618, 2.866	1,1	296/300	G,S,L,A,H,V,P,s,I,C,F,N,T,R,c,W,K,l,M,Y,E
342	V	VAL342	2.346	1	1.144, 2.866	1,1	289/300	V,M,T,I,F,L,C,Q,P,H,R,K,S,A,s,m,G,E,N,d,e,D,t,q
343	R	ARG343	0.708	2	0.428, 0.839	3,2	296/300	R,K,F,V,N,k,Q,n,A,D,E,M,G,d,e,L,S,I
344	K	LYS344	0.088	5	-0.155, 0.278	6,4	298/300	K,R,T,V,F,W,A,C,S,P,E,Q,N,H,G,Y
345	E	GLU345	0.288	4	0.035, 0.428	5,3	295/300	E,D,N,A,R,V,K,P,H,F,S,I,Q,G,T
346	V	VAL346	0.584	3	0.278, 0.839	4,2	298/300	V,I,M,T,G,R,L,A,K,P,F,D,E,S,H,Q
347	D	ASP347	0.071	5	-0.155, 0.149	6,4	299/300	D,E,k,N,S,I,H,Q,K,R
348	G	GLY348	-0.473	7	-0.666,-0.382	8,7	298/300	G,A,C,D,N,V,I,T,S
349	M	MET349	-0.846	8	-0.956,-0.802	9,8	298/300	M,L,T,P,I,W
350	G	GLY350	-0.862	8	-0.991,-0.802	9,8	298/300	G,S,R,V,A
351	T	THR351	2.865	1	1.618, 2.866	1,1	299/300	T,V,A,S,I,P,R,L,M,H,F,N,Q,D,E,K
352	S	SER352	0.078	5	-0.155, 0.278	6,4	299/300	S,P,A,Q,E
353	E	GLU353	-0.105	5	-0.313, 0.035	6,5	299/300	E,D,V,I,L,K,T,Q,S,N,A,M
354	I	ILE354	-0.524	7	-0.666,-0.447	8,7	299/300	I,V,M,L,T
355	K	LYS355	-0.442	7	-0.617,-0.313	7,6	300/300	K,S,N,R,T,L,F,A,Q,H,Y,V,C
356	Y	TYR356	-0.667	8	-0.843,-0.563	8,7	300/300	Y,I,m,H,F,K,M,L
357	G	GLY357	-0.669	8	-0.802,-0.563	8,7	300/300	G,N,A,S,E,D
358	D	ASP358	-0.825	8	-0.956,-0.759	9,8	299/300	D,E,S,K,G
359	S	SER359	-0.851	8	-0.956,-0.802	9,8	299/300	S,A,P,T,V
360	V	VAL360	0.887	1	0.428, 1.144	3,1	300/300	V,I,L,M,C,S,A,N,Q,F,T,K,D,Y
361	C	CYS361	-0.180	6	-0.382,-0.065	7,5	300/300	C,S,a,V,P,Q,M,F,A,I,T
362	Y	TYR362	0.601	3	0.278, 0.839	4,2	300/300	Y,F,I,L,V
363	I	ILE363	0.785	2	0.428, 0.839	3,2	300/300	I,V,M,L,C,w,A,T
364	Q	GLN364	-0.846	8	-0.956,-0.802	9,8	300/300	Q,Y,L,M,H,R
365	H	HIS365	-1.045	9	-1.117,-1.024	9,9	300/300	H,Q,Y,N
366	V	VAL366	0.724	2	0.428, 0.839	3,2	300/300	V,A,R,L,I,M,S,F,N,K,C,v,Y,Q,H
367	D	ASP367	1.211	1	0.839, 1.618	2,1	300/300	D,T,N,R,E,S,A,G,Y,H,F,K,Q
368	T	THR368	-0.226	6	-0.382,-0.155	7,6	299/300	T,S,A,G,C,R,L
369	G	GLY369	0.753	2	0.428, 0.839	3,2	299/300	G,C,S,A,T,F,E,R,L,Q,N,D,K
370	L	LEU370	-0.276	6	-0.507,-0.155	7,6	299/300	L,H,Q,M,K,V,R,A,Y,W,T
371	W	TRP371	-0.873	8	-1.024,-0.802	9,8	298/300	W,R,L
372	L	LEU372	-0.257	6	-0.447,-0.155	7,6	298/300	L,V,M,I
373	T	THR373	-0.813	8	-0.920,-0.759	9,8	298/300	T,S,F,K
374	Y	TYR374	-0.790	8	-0.920,-0.714	9,8	298/300	Y,F,S,C,H
375	Q	GLN375	0.123	5	-0.155, 0.278	6,4	298/300	Q,W,A,R,H,L,K,E,C,S,V,F,M
376	S	SER376	-0.175	6	-0.382,-0.065	7,5	298/300	S,T,A,K,V,P,I
377	V	VAL377	1.472	1	0.839, 1.618	2,1	296/300	V,I,A,R,L,P,Q,T,S,N,D,M,F,E,Y,H
378	D	ASP378	-0.504	7	-0.666,-0.382	8,7	298/300	D,N,E,L,S,Q,A
379	V	-	-0.013	5	-0.238, 0.149	6,4	298/300	V,A,M,P,S,G,E,T,K,I,L,N,H
380	K	-	-0.478	7	-0.666,-0.382	8,7	298/300	K,E,Q,S,V,G,T,H,R,L
381	S	-	-0.125	5	-0.313, 0.035	6,5	284/300	S,C,A,R,T,G,W,P,K,Q,V,I
382	V	-	0.482	3	0.149, 0.611	4,3	298/300	V,A,K,P,T,S,L,Q,C,M,R,G,I
383	R	-	-0.451	7	-0.617,-0.313	7,6	295/300	R,G,L,K,H,Q,S,C,T,N
384	M	-	0.425	3	0.149, 0.611	4,3	294/300	M,I,L,V,T,E,R,S,C,D
385	G	-	-0.546	7	-0.714,-0.447	8,7	297/300	G,I,S,V,T,R,K,L,A,e
386	S	-	0.624	3	0.278, 0.839	4,2	294/300	S,G,D,F,T,A,P,V,W,L,Q,M,C,N,I,K,p
387	I	ILE387	0.493	3	0.149, 0.611	4,3	293/300	I,V,L,A,M,S,G,P,T,N,K,Q,E,Y,e
388	Q	GLN388	-0.280	6	-0.447,-0.155	7,6	293/300	Q,F,K,P,H,R,L,E,e,D,T,V,S,I,v
389	R	ARG389	-0.885	9	-0.991,-0.843	9,8	294/300	R,L,K,A,k
390	K	LYS390	-0.115	5	-0.313, 0.035	6,5	296/300	K,Q,T,R,E,S,q,M,i
391	A	ALA391	-0.497	7	-0.666,-0.382	8,7	296/300	A,V,S,M,G,v,C,l,I
392	I	ILE392	0.117	5	-0.155, 0.278	6,4	296/300	I,L,H,Y,C,M,V,F,S,G,T
393	M	MET393	-0.148	6	-0.382,-0.065	7,5	296/300	M,T,L,V,I,P,G,A,p
394	H	HIS394	-0.417	7	-0.563,-0.313	7,6	296/300	H,Q,Y,S,W,M,L,T,G,V,A,v
395	H	HIS395	0.249	4	0.035, 0.428	5,3	296/300	H,S,Q,L,A,K,G,N,P,T,I,R,C,V,E,D
396	E	GLU396	-0.877	9	-0.991,-0.802	9,8	296/300	E,L,G,D,S
397	G	GLY397	-0.961	9	-1.056,-0.920	9,9	296/300	G,T,Q,A
398	H	HIS398	-0.949	9	-1.024,-0.920	9,9	295/300	H,G,K,R,T
399	M	MET399	-0.935	9	-1.024,-0.882	9,9	294/300	M,K,T,V,E
400	D	ASP400	-1.066	9	-1.147,-1.024	9,9	294/300	D,H,T
401	D	ASP401	-1.066	9	-1.147,-1.024	9,9	294/300	D,S,T
402	G	GLY402	-0.346	6	-0.563,-0.238	7,6	295/300	G,H,A,T,F,C,L,S,V
403	I	ILE403	0.158	4	-0.155, 0.278	6,4	295/300	I,L,T,F,V,S,Y,C
404	S	SER404	-0.040	5	-0.238, 0.035	6,5	295/300	S,T,N,H,L,I,M,R,A,E,D,V,F,K
405	L	LEU405	-0.232	6	-0.447,-0.065	7,5	295/300	L,T,V,M,F,I,P,C
406	S	SER406	-0.495	7	-0.666,-0.382	8,7	295/300	S,Q,A,T,R,V,Y,P,F,G
407	R	ARG407	-0.731	8	-0.843,-0.666	8,8	296/300	R,T,L,G,P,K,Q,M,H
408	S	SER408	-0.534	7	-0.666,-0.447	8,7	295/300	S,H,C,X,A,F,P
409	Q	GLN409	-0.669	8	-0.802,-0.617	8,7	296/300	Q,T,R,H,L,A,G
410	H	HIS410	0.522	3	0.149, 0.611	4,3	298/300	H,N,T,R,K,Q,M,L,E,A,S,D,P,V,G
411	E	GLU411	-0.637	8	-0.759,-0.563	8,7	298/300	E,T,A,K,Q,G,D
412	E	GLU412	-0.806	8	-0.920,-0.759	9,8	298/300	E,H,Q,S,D,R
413	S	SER413	-0.488	7	-0.617,-0.382	7,7	298/300	S,Y,A,C,P,G,N,F,Q,I
414	R	ARG414	0.080	5	-0.155, 0.278	6,4	297/300	R,H,L,Q,G,K,E,Y,D,M,I
415	T	THR415	-0.754	8	-0.882,-0.714	9,8	298/300	T,A,S,I,C
416	A	ALA416	-0.920	9	-1.024,-0.882	9,9	297/300	A,H,S,V,G
417	R	ARG417	-0.288	6	-0.447,-0.155	7,6	296/300	R,G,K,C,T,S,D,E,V,L,I,M,A
418	V	VAL418	-0.739	8	-0.843,-0.666	8,8	294/300	V,M,I,L,G,F,A
419	I	ILE419	-1.001	9	-1.087,-0.956	9,9	293/300	I,F,V,L,M
420	R	ARG420	-0.599	7	-0.759,-0.507	8,7	293/300	R,Y,H,F,L,W,K
421	S	SER421	-0.603	7	-0.759,-0.507	8,7	293/300	S,L,Q,N,K,T,G,R,I,C
422	T	THR422	-0.654	8	-0.802,-0.563	8,7	293/300	T,A,S,I,C
423	V	VAL423	0.698	2	0.428, 0.839	3,2	293/300	V,A,I,T,S,N,F,R,M,L,Q,G,E,C
424	F	PHE424	1.499	1	0.839, 1.618	2,1	293/300	F,L,G,S,N,I,R,H,A,V,Q,D,K,E,C,T,Y
425	L	LEU425	-0.143	6	-0.382, 0.035	7,5	294/300	L,S,M,V,A,F,I,Q,T,N
426	F	PHE426	-0.492	7	-0.666,-0.382	8,7	294/300	F,L,Y,I
427	N	ASN427	0.785	2	0.428, 0.839	3,2	294/300	N,L,T,S,M,K,R,G,A,W,H,C,V,I,D,F
428	R	ARG428	1.483	1	0.839, 1.618	2,1	292/300	R,L,C,I,P,K,Q,N,H,G,A,S,W,M,T
429	F	PHE429	-0.593	7	-0.759,-0.507	8,7	290/300	F,V,L,I,C,S
430	I	ILE430	-0.139	6	-0.313,-0.065	6,5	289/300	I,L,C,S,V,N,F,R,T
431	R	ARG431	1.029	1	0.611, 1.144	3,1	281/300	R,S,K,N,G,M,T,W,V,A,D,E,Q,H
432	G	GLY432	1.147	1	0.611, 1.618	3,1	275/300	G,S,A,L,D,K,Y,R,N,E,T,I,F,V
433	L	LEU433	-0.136	6	-0.382, 0.035	7,5	264/300	L,F,N,V,Y,M,P,H,C,Q,S,G,I
434	D	ASP434	0.268	4	0.035, 0.428	5,3	271/300	D,E,A,N,T,R,L,S,I,G,K
435	A	ALA435	2.325	1	1.144, 2.866	1,1	260/300	A,T,V,M,S,I,N,C,G,D,L,R,Y,P,H,E,d
436	L	LEU436	1.121	1	0.611, 1.144	3,1	259/300	L,V,F,A,I,T,C,p,G,S,R,H,h,M,Y
437	S	SER437	1.781	1	1.144, 1.618	1,1	256/300	S,R,N,K,G,T,A,Q,I,D,d,L,C,M,H,P,g,Y,q,v,V
438	K	LYS438	2.852	1	1.618, 2.866	1,1	261/300	K,A,R,Q,G,E,L,V,H,D,N,S,M,g,T,P,l,s,F,I
439	K	LYS439	1.415	1	0.839, 1.618	2,1	219/300	K,Q,R,E,D,H,P,k,N,G,d,S,A,T,V,M,y
440	A	ALA440	1.928	1	1.144, 2.866	1,1	277/300	A,G,V,S,N,R,K,E,P,Q,T,D,H,p,Y,d,n,q,h
441	K	LYS441	1.419	1	0.839, 1.618	2,1	274/300	K,R,T,N,E,H,D,S,P,A,G,V,F,L,M,Q,d,v,a,n,i,g
442	A	ALA442	2.850	1	1.618, 2.866	1,1	274/300	A,S,T,P,L,G,R,I,s,Q,V,M,N,g,H,E,e,d,K,D,q,m,k,r
443	S	SER443	2.845	1	1.618, 2.866	1,1	278/300	S,T,F,P,A,V,p,G,M,K,N,Q,E,a,l,L,I,H,R,t,D,e,q,C,n,s,d,g
444	T	THR444	2.866	1	1.618, 2.866	1,1	272/300	T,P,A,L,N,S,p,C,D,V,E,H,s,Q,Y,R,v,M,t,K,I,F,G,a,r,m,q
445	V	VAL445	2.866	1	1.618, 2.866	1,1	271/300	V,L,F,I,P,M,T,S,Q,G,D,t,s,C,E,g,R,A,e,q,r,k,K,N,p,h,n
446	D	ASP446	2.864	1	1.618, 2.866	1,1	282/300	D,Y,N,E,L,S,K,A,P,T,H,G,C,V,F,I,m,Q,R,a,M,r,c,t,g
447	L	LEU447	0.693	2	0.278, 0.839	4,2	283/300	L,V,G,A,P,R,I,S,i,F,Y,T,H,C,a,l,h
448	P	PRO448	0.348	4	0.035, 0.428	5,3	285/300	P,S,Y,Q,p,L,H,F,M,G,N,n,R,D,K,g,l
449	I	ILE449	0.801	2	0.428, 0.839	3,2	285/300	I,V,L,M,T,P,F,N,G,l,Y,Q,H,S,s
450	E	GLU450	2.461	1	1.144, 2.866	1,1	286/300	E,D,T,Q,K,G,P,A,S,N,C,L,V,d
451	S	SER451	1.031	1	0.611, 1.144	3,1	285/300	S,L,K,G,A,E,P,I,M,T,V,R,D,N,e
452	V	VAL452	-0.218	6	-0.382,-0.065	7,5	285/300	V,I,L,M,F,E,n,T
453	S	SER453	1.295	1	0.839, 1.618	2,1	286/300	S,R,I,V,M,L,T,K,H,A,Q,Y,G,C,F,E,c,N,v
454	L	LEU454	1.077	1	0.611, 1.144	3,1	286/300	L,M,Q,V,E,C,H,F,W,S,D,K,R,Y,G,d,A
455	S	SER455	-0.348	6	-0.507,-0.238	7,6	286/300	S,N,V,A,T,L,C,G,Q,p,I,l
456	L	LEU456	-0.726	8	-0.882,-0.617	9,7	286/300	L,V,S,I,h,F,M
457	Q	GLN457	0.467	3	0.149, 0.611	4,3	286/300	Q,E,R,V,K,N,M,G,C,D,Y,L,i,H
458	D	ASP458	-0.961	9	-1.056,-0.920	9,9	287/300	D,E,T,S,P,n
459	L	LEU459	-0.737	8	-0.882,-0.666	9,8	287/300	L,Y,V,F,G,t,C
460	I	ILE460	-0.763	8	-0.882,-0.714	9,8	287/300	I,L,H,M,S,V,T,C,N
461	G	GLY461	2.139	1	1.144, 2.866	1,1	287/300	G,H,F,T,I,N,E,K,D,Q,A,R,S,V,L
462	Y	TYR462	-0.495	7	-0.666,-0.382	8,7	287/300	Y,L,F,H,I
463	F	PHE463	-0.736	8	-0.882,-0.666	9,8	287/300	F,I,L,M,T
464	H	HIS464	0.804	2	0.428, 0.839	3,2	286/300	H,Q,K,R,E,L,Y,A,G,I,V,S,C,v,W
465	P	PRO465	0.102	5	-0.155, 0.278	6,4	283/300	P,L,Q,Y,C,T,V,H,S,F,E
466	P	PRO466	-0.436	7	-0.617,-0.313	7,6	287/300	P,A,V,Q,S,T,K,I,g,L
467	D	ASP467	2.635	1	1.618, 2.866	1,1	287/300	D,G,E,H,P,S,L,V,C,A,N,R,K,T
468	E	GLU468	1.637	1	1.144, 1.618	1,1	287/300	E,D,A,V,M,L,S,K,G,R,P,N,Q,H,T
469	H	HIS469	1.493	1	0.839, 1.618	2,1	283/300	H,Q,E,D,G,V,R,C,A,T,S,N,K,L
470	L	LEU470	1.288	1	0.839, 1.618	2,1	287/300	L,M,Q,W,V,I,H,R,A,S,E,G,C,D,T,e
471	E	GLU471	1.380	1	0.839, 1.618	2,1	287/300	E,D,R,K,G,Q,S,C,N,I,A,L,T
472	H	HIS472	-0.697	8	-0.843,-0.617	8,7	287/300	H,G,Y,Q,C,T,V,I,S,F,D
473	E	GLU473	-0.794	8	-0.920,-0.714	9,8	287/300	E,D,K,S,G,Q,A
474	D	ASP474	0.749	2	0.428, 0.839	3,2	287/300	D,E,N,V,A,I,T,Q,K,S,M
475	K	LYS475	0.444	3	0.149, 0.611	4,3	287/300	K,R,Q,Y,I,E,N,H,S,M
476	Q	GLN476	-0.855	8	-0.956,-0.802	9,8	287/300	Q,H,S,C,F,V,L
477	N	ASN477	0.933	1	0.611, 1.144	3,1	287/300	N,T,Y,S,I,A,G,F,C,K,R,E,H,L,V,Q,M
478	R	ARG478	1.508	1	0.839, 1.618	2,1	286/300	R,L,K,W,N,T,I,S,D,C,Q,G,Y,M,V,H,A,F
479	L	LEU479	0.538	3	0.149, 0.839	4,2	287/300	L,M,K,I,V,S,Q,T,A,F,E
480	R	ARG480	0.095	5	-0.155, 0.278	6,4	286/300	R,T,K,A,I,G,D,M,Q,N,V,F,S,Y
481	A	ALA481	-0.175	6	-0.382,-0.065	7,5	286/300	A,T,S,G,L,V,M,D,K,E,Q,I
482	L	LEU482	-0.541	7	-0.714,-0.447	8,7	286/300	L,I,G,V,Q,M
483	K	LYS483	-0.167	6	-0.382,-0.065	7,5	286/300	K,R,I,N,E,Q,M,f,A
484	N	ASN484	-0.565	7	-0.714,-0.507	8,7	286/300	N,S,K,E,A,M,H,G,p,C
485	R	ARG485	-0.927	9	-1.024,-0.882	9,9	286/300	R,Q,A,S,a
486	Q	GLN486	-1.098	9	-1.147,-1.087	9,9	286/300	Q,E
487	N	ASN487	-0.650	8	-0.802,-0.563	8,7	286/300	N,D,S,H,I,K,R,A,G
488	L	LEU488	-0.933	9	-1.024,-0.882	9,9	286/300	L,M,F,R
489	F	PHE489	-0.901	9	-1.024,-0.843	9,8	286/300	F,S,Y,E
490	Q	GLN490	-0.758	8	-0.882,-0.666	9,8	286/300	Q,K,P,H,R,E,s,Y
491	E	GLU491	-0.514	7	-0.666,-0.447	8,7	286/300	E,K,Q,D,H,S,R,A,N
492	E	GLU492	-1.053	9	-1.117,-1.024	9,9	286/300	E,Q,P
493	G	GLY493	-0.643	8	-0.802,-0.563	8,7	283/300	G,A,C,D,V
494	M	MET494	-0.494	7	-0.666,-0.382	8,7	282/300	M,V,I,L,A,S
495	I	ILE495	-0.682	8	-0.802,-0.617	8,7	282/300	I,L,T,V,M
496	N	ASN496	0.742	2	0.428, 0.839	3,2	280/300	N,S,A,T,R,E,D,G,L,V,K,F
497	L	LEU497	-0.643	8	-0.802,-0.563	8,7	280/300	L,I,R,H,V,M
498	V	VAL498	-0.440	7	-0.617,-0.313	7,6	280/300	V,A,L,I,T,C,M
499	L	LEU499	-0.523	7	-0.714,-0.447	8,7	280/300	L,S,I,V,M
500	E	GLU500	0.603	3	0.278, 0.839	4,2	280/300	E,D,N,K,G,V,S,M,H,C,I,Q,R,T,A
501	C	CYS501	-0.637	8	-0.802,-0.563	8,7	281/300	C,A,S,I,T,V,M
502	I	ILE502	-0.912	9	-0.991,-0.843	9,8	280/300	I,V,L,Q
503	D	ASP503	-0.963	9	-1.056,-0.920	9,9	278/300	D,N,E
504	R	ARG504	-0.463	7	-0.617,-0.382	7,7	279/300	R,H,N,K,E,Q,S,F
505	L	LEU505	-0.411	7	-0.617,-0.313	7,6	279/300	L,M,V,F,I,C,Y
506	H	HIS506	-0.471	7	-0.617,-0.382	7,7	281/300	H,N,S,V,G,L,A,T,s,I
507	V	VAL507	1.156	1	0.611, 1.144	3,1	281/300	V,I,G,Q,L,H,A,R,D,F,M,S,T,E
508	Y	TYR508	0.227	4	-0.065, 0.428	5,3	280/300	Y,S,H,L,N,F,C,W,I,M,T,V,R
509	S	SER509	-0.018	5	-0.238, 0.149	6,4	279/300	S,N,H,I,D,T,Y,G,A,K,E,Q,R
510	S	SER510	-0.027	5	-0.238, 0.035	6,5	279/300	S,T,N,R,G,Q,F,E,D,t,A
511	A	ALA511	0.363	4	0.035, 0.428	5,3	279/300	A,T,G,P,S,V,D,R,Q,H,M,g,L,K
512	A	ALA512	-0.065	5	-0.313, 0.035	6,5	278/300	A,S,T,V,C,G,F,L,N,R,q,n,P,Q,K
513	H	HIS513	0.736	2	0.428, 0.839	3,2	278/300	H,N,Y,D,R,E,Q,L,C,S,A,F,i,f,T,I
514	F	PHE514	0.523	3	0.149, 0.839	4,2	278/300	F,C,A,L,V,I,D,M,v,a,K,S,Q
515	A	ALA515	0.614	3	0.278, 0.839	4,2	270/300	A,T,S,G,E,V,P,M,v,I,N,L,R,Q
516	D	ASP516	0.850	2	0.428, 1.144	3,1	270/300	D,E,G,V,A,K,S,T,H,Q,N,a,P,R,L,Y
517	V	VAL517	1.905	1	1.144, 2.866	1,1	268/300	V,A,S,F,C,L,M,Y,R,G,s,I,H,K,T,E
518	A	ALA518	0.651	2	0.278, 0.839	4,2	269/300	A,V,I,P,G,T,S,C,L,M,F,Q,D
519	G	GLY519	0.140	4	-0.155, 0.278	6,4	273/300	G,R,Q,H,L,W,S,A,N,E,D,K,F
520	R	ARG520	0.825	2	0.428, 1.144	3,1	272/300	R,P,Q,K,H,E,S,G,A,N,T,C,D,V,I
521	E	GLU521	0.989	1	0.611, 1.144	3,1	270/300	E,V,Q,D,G,K,A,S,C,T,R,N,Y
522	A	ALA522	0.631	2	0.278, 0.839	4,2	270/300	A,S,V,T,K,M,E,P,R,G,N,L,H,I,D,k,g,Q
523	G	GLY523	0.751	2	0.428, 0.839	3,2	268/300	G,A,V,Q,S,E,I,L,C,N,H,q
524	E	GLU524	1.374	1	0.839, 1.618	2,1	273/300	E,D,A,N,T,L,S,G,Q,M,P,K,H,I,R,q
525	S	SER525	1.027	1	0.611, 1.144	3,1	273/300	S,A,T,E,K,C,G,N,Y,R,Q,H,F,D,L,M,I,V,l,v
526	W	TRP526	-0.142	6	-0.447, 0.035	7,5	274/300	W,R,L,Y,F,A,I,i
527	K	LYS527	-0.061	5	-0.313, 0.035	6,5	275/300	K,S,R,E,V,A,H,D,N,Q,T,d
528	S	SER528	1.475	1	0.839, 1.618	2,1	277/300	S,A,T,E,D,I,N,G,H,K,V,F,Q,M,L,e
529	I	ILE529	-0.430	7	-0.617,-0.313	7,6	277/300	I,T,S,V,L,C,M
530	L	LEU530	-0.368	6	-0.563,-0.238	7,6	277/300	L,V,I,C,S,T,A,Y,G
531	N	ASN531	-0.188	6	-0.382,-0.065	7,5	277/300	N,H,S,G,D,T,M,K,A,V
532	S	SER532	0.556	3	0.278, 0.839	4,2	278/300	S,L,R,H,N,C,A,V,Y,F,G,a,T,D,Q,K
533	L	LEU533	-0.277	6	-0.507,-0.155	7,6	278/300	L,F,S,V,M
534	Y	TYR534	-0.938	9	-1.056,-0.882	9,9	278/300	Y,F,L
535	E	GLU535	0.263	4	-0.065, 0.428	5,3	278/300	E,Q,K,A,D,L,V,S,C,I
536	L	LEU536	-0.860	8	-0.991,-0.802	9,8	278/300	L,F,V,I
537	L	LEU537	-0.920	9	-1.024,-0.843	9,8	278/300	L,A,I,V
538	A	ALA538	-0.908	9	-0.991,-0.843	9,8	278/300	A,G,T
539	A	ALA539	-0.467	7	-0.617,-0.382	7,7	276/300	A,K,S,T,I,C,G
540	L	LEU540	-0.412	7	-0.617,-0.313	7,6	275/300	L,K,M,V,T,I,N
541	I	ILE541	-0.876	9	-0.991,-0.802	9,8	275/300	I,H,M,L,V
542	R	ARG542	-0.456	7	-0.617,-0.382	7,7	274/300	R,D,C,H,Q,K,N
543	G	GLY543	-0.611	7	-0.759,-0.507	8,7	276/300	G,R,W,E,D,Q,H,K
544	N	ASN544	-1.109	9	-1.161,-1.087	9,9	276/300	N,V
545	R	-	-0.829	8	-0.956,-0.759	9,8	277/300	R,H,Q,S
546	K	-	0.673	2	0.278, 0.839	4,2	277/300	K,D,A,S,N,V,T,G,I,R,P,E,Y
547	N	-	-1.024	9	-1.087,-0.991	9,9	276/300	N,S,L
548	C	-	-0.982	9	-1.087,-0.920	9,9	276/300	C,G,N
549	A	-	-0.620	7	-0.759,-0.563	8,7	276/300	A,V,T,S,K,L
550	Q	-	-0.398	7	-0.563,-0.313	7,6	276/300	Q,M,L,K,H,R,E,N
551	F	-	-0.789	8	-0.920,-0.714	9,8	276/300	F,E,L
552	S	-	-0.892	9	-0.991,-0.843	9,8	276/300	S,G,C,A,N
553	G	-	1.317	1	0.839, 1.618	2,1	276/300	G,S,D,K,N,H,R,T,A,Q,C,V,P,q,t
554	S	-	-0.749	8	-0.882,-0.666	9,8	276/300	S,N,K,R,H,r
555	L	-	-0.758	8	-0.882,-0.666	9,8	275/300	L,T,V,M,I
556	D	-	-0.765	8	-0.882,-0.714	9,8	275/300	D,E,N,Q,A
557	W	-	-0.857	8	-1.024,-0.759	9,8	275/300	W,L,C
558	L	-	-0.798	8	-0.920,-0.714	9,8	275/300	L,V,F,N,I
559	I	-	-0.372	6	-0.563,-0.238	7,6	274/300	I,V,F,L
560	S	-	-0.227	6	-0.382,-0.155	7,6	274/300	S,G,E,F,N,R,T,Q,Y,A
561	R	-	-0.805	8	-0.920,-0.759	9,8	274/300	R,K,D,Q,S,e
562	L	-	-1.008	9	-1.117,-0.956	9,9	274/300	L,R,F
563	E	-	-0.306	6	-0.507,-0.155	7,6	274/300	E,D,R,G,S,P,A,T,Q
564	R	-	-0.361	6	-0.563,-0.238	7,6	270/300	R,Q,C,K,H,N,W,G,S,I,L,a
565	L	-	-0.583	7	-0.759,-0.507	8,7	271/300	L,M,T,R,V,A,H,Q,G,P
566	E	-	-0.801	8	-0.920,-0.714	9,8	271/300	E,D,N,Q,a,A,S,H
567	A	-	-0.660	8	-0.802,-0.563	8,7	272/300	A,S,I,T,t,G,N
568	S	-	-0.631	8	-0.759,-0.563	8,7	273/300	S,C,L,A,Y,T,G,g
569	S	-	-0.268	6	-0.447,-0.155	7,6	274/300	S,C,G,A,H,T,M,K,E,e,R,Q
570	G	-	-1.005	9	-1.087,-0.956	9,9	275/300	G,S,D
571	I	-	-0.786	8	-0.882,-0.714	9,8	275/300	I,V,A,w,M,S
572	L	-	-0.959	9	-1.056,-0.920	9,9	275/300	L,s,M
573	E	-	-0.753	8	-0.882,-0.666	9,8	275/300	E,k,D,H,A
574	V	-	-1.019	9	-1.087,-0.991	9,9	275/300	V,f,L,A
575	L	-	-1.008	9	-1.117,-0.956	9,9	275/300	L,V,I
576	H	-	-0.636	8	-0.759,-0.563	8,7	275/300	H,Y,R,Q,N,A,S,F
577	C	-	-0.787	8	-0.920,-0.714	9,8	276/300	C,F,A,S,N
578	V	-	-0.729	8	-0.843,-0.666	8,8	275/300	V,I,M
579	L	-	-1.060	9	-1.147,-1.024	9,9	275/300	L,V
580	V	-	-0.139	6	-0.313,-0.065	6,5	274/300	V,I,L,M,T,E,S,N,K,D
581	E	-	-0.868	8	-0.991,-0.802	9,8	275/300	E,L,D,N,G,H
582	S	-	-1.088	9	-1.147,-1.056	9,9	275/300	S,G,C
583	P	-	-0.972	9	-1.087,-0.920	9,9	275/300	P,Q,D,T
584	E	-	-1.089	9	-1.147,-1.056	9,9	275/300	E,K
585	A	-	-0.963	9	-1.056,-0.920	9,9	275/300	A,V,T,S
586	L	-	-0.958	9	-1.056,-0.920	9,9	275/300	L,I,V
587	N	-	-0.910	9	-0.991,-0.843	9,8	275/300	N,S,T,K,H,Y
588	I	-	-0.256	6	-0.447,-0.155	7,6	275/300	I,L,V,T,A,F,H,G,M
589	I	-	-0.796	8	-0.920,-0.714	9,8	275/300	I,V,M,L
590	K	-	-0.251	6	-0.447,-0.155	7,6	275/300	K,Q,A,E,V,R,T,D,N
591	E	-	-0.112	5	-0.313, 0.035	6,5	275/300	E,R,K,D,G,S,P,Q,A,N
592	G	-	1.346	1	0.839, 1.618	2,1	275/300	G,E,N,C,S,A,R,D,T,Q,K,V
593	H	-	-1.069	9	-1.147,-1.056	9,9	275/300	H,N,K
594	I	-	-0.994	9	-1.087,-0.956	9,9	275/300	I,V,T
595	K	-	0.335	4	0.035, 0.428	5,3	275/300	K,H,Q,M,N,R,L,E,T,I,A,S,P,V
596	S	-	-0.738	8	-0.843,-0.666	8,8	275/300	S,T,A,V,F,G
597	I	-	-0.963	9	-1.056,-0.920	9,9	275/300	I,V,L,M
598	I	-	-0.967	9	-1.056,-0.920	9,9	275/300	I,V,L
599	S	-	-0.633	8	-0.759,-0.563	8,7	274/300	S,C,A,F,T,Y,G
600	L	-	-1.009	9	-1.117,-0.956	9,9	275/300	L,F,Q
601	L	-	-1.062	9	-1.147,-1.024	9,9	275/300	L,I
602	D	-	-0.783	8	-0.920,-0.714	9,8	275/300	D,Y,E,H
603	K	-	-0.693	8	-0.843,-0.617	8,7	275/300	K,I,R,T,Q
604	H	-	-0.677	8	-0.802,-0.617	8,7	275/300	H,Y,Q,N,L,V,S,F,A
605	G	-	-1.107	9	-1.161,-1.087	9,9	273/300	G
606	R	-	-1.121	9	-1.161,-1.117	9,9	247/300	R
